"LOCATION","INDICATOR","SUBJECT","MEASURE","FREQUENCY","TIME","Value","Flag Codes"
"USA","CPI","TOT","AGRWTH","M","1956-01",0.3745318,
"USA","CPI","TOT","AGRWTH","M","1956-02",0.3745318,
"USA","CPI","TOT","AGRWTH","M","1956-03",0.3745318,
"USA","CPI","TOT","AGRWTH","M","1956-04",0.7490637,
"USA","CPI","TOT","AGRWTH","M","1956-05",1.123595,
"USA","CPI","TOT","AGRWTH","M","1956-06",1.872659,
"USA","CPI","TOT","AGRWTH","M","1956-07",2.238806,
"USA","CPI","TOT","AGRWTH","M","1956-08",1.865672,
"USA","CPI","TOT","AGRWTH","M","1956-09",1.858736,
"USA","CPI","TOT","AGRWTH","M","1956-10",2.230483,
"USA","CPI","TOT","AGRWTH","M","1956-11",2.230483,
"USA","CPI","TOT","AGRWTH","M","1956-12",2.985075,
"USA","CPI","TOT","AGRWTH","M","1957-01",2.985075,
"USA","CPI","TOT","AGRWTH","M","1957-02",3.358209,
"USA","CPI","TOT","AGRWTH","M","1957-03",3.731343,
"USA","CPI","TOT","AGRWTH","M","1957-04",3.717472,
"USA","CPI","TOT","AGRWTH","M","1957-05",3.703704,
"USA","CPI","TOT","AGRWTH","M","1957-06",3.308824,
"USA","CPI","TOT","AGRWTH","M","1957-07",3.284672,
"USA","CPI","TOT","AGRWTH","M","1957-08",3.663004,
"USA","CPI","TOT","AGRWTH","M","1957-09",3.284672,
"USA","CPI","TOT","AGRWTH","M","1957-10",2.909091,
"USA","CPI","TOT","AGRWTH","M","1957-11",3.272727,
"USA","CPI","TOT","AGRWTH","M","1957-12",2.898551,
"USA","CPI","TOT","AGRWTH","M","1958-01",3.623188,
"USA","CPI","TOT","AGRWTH","M","1958-02",3.249098,
"USA","CPI","TOT","AGRWTH","M","1958-03",3.597122,
"USA","CPI","TOT","AGRWTH","M","1958-04",3.584229,
"USA","CPI","TOT","AGRWTH","M","1958-05",3.214286,
"USA","CPI","TOT","AGRWTH","M","1958-06",2.846975,
"USA","CPI","TOT","AGRWTH","M","1958-07",2.473498,
"USA","CPI","TOT","AGRWTH","M","1958-08",2.120141,
"USA","CPI","TOT","AGRWTH","M","1958-09",2.120141,
"USA","CPI","TOT","AGRWTH","M","1958-10",2.120141,
"USA","CPI","TOT","AGRWTH","M","1958-11",2.112676,
"USA","CPI","TOT","AGRWTH","M","1958-12",1.760563,
"USA","CPI","TOT","AGRWTH","M","1959-01",1.398601,
"USA","CPI","TOT","AGRWTH","M","1959-02",1.048951,
"USA","CPI","TOT","AGRWTH","M","1959-03",0.3472222,
"USA","CPI","TOT","AGRWTH","M","1959-04",0.3460208,
"USA","CPI","TOT","AGRWTH","M","1959-05",0.3460208,
"USA","CPI","TOT","AGRWTH","M","1959-06",0.6920415,
"USA","CPI","TOT","AGRWTH","M","1959-07",0.6896552,
"USA","CPI","TOT","AGRWTH","M","1959-08",1.038062,
"USA","CPI","TOT","AGRWTH","M","1959-09",1.384083,
"USA","CPI","TOT","AGRWTH","M","1959-10",1.730104,
"USA","CPI","TOT","AGRWTH","M","1959-11",1.37931,
"USA","CPI","TOT","AGRWTH","M","1959-12",1.730104,
"USA","CPI","TOT","AGRWTH","M","1960-01",1.034483,
"USA","CPI","TOT","AGRWTH","M","1960-02",1.730104,
"USA","CPI","TOT","AGRWTH","M","1960-03",1.730104,
"USA","CPI","TOT","AGRWTH","M","1960-04",1.724138,
"USA","CPI","TOT","AGRWTH","M","1960-05",1.724138,
"USA","CPI","TOT","AGRWTH","M","1960-06",1.718213,
"USA","CPI","TOT","AGRWTH","M","1960-07",1.369863,
"USA","CPI","TOT","AGRWTH","M","1960-08",1.369863,
"USA","CPI","TOT","AGRWTH","M","1960-09",1.023891,
"USA","CPI","TOT","AGRWTH","M","1960-10",1.360544,
"USA","CPI","TOT","AGRWTH","M","1960-11",1.360544,
"USA","CPI","TOT","AGRWTH","M","1960-12",1.360544,
"USA","CPI","TOT","AGRWTH","M","1961-01",1.706485,
"USA","CPI","TOT","AGRWTH","M","1961-02",1.360544,
"USA","CPI","TOT","AGRWTH","M","1961-03",1.360544,
"USA","CPI","TOT","AGRWTH","M","1961-04",1.016949,
"USA","CPI","TOT","AGRWTH","M","1961-05",1.016949,
"USA","CPI","TOT","AGRWTH","M","1961-06",0.6756757,
"USA","CPI","TOT","AGRWTH","M","1961-07",1.351351,
"USA","CPI","TOT","AGRWTH","M","1961-08",1.013514,
"USA","CPI","TOT","AGRWTH","M","1961-09",1.351351,
"USA","CPI","TOT","AGRWTH","M","1961-10",0.671141,
"USA","CPI","TOT","AGRWTH","M","1961-11",0.671141,
"USA","CPI","TOT","AGRWTH","M","1961-12",0.671141,
"USA","CPI","TOT","AGRWTH","M","1962-01",0.671141,
"USA","CPI","TOT","AGRWTH","M","1962-02",1.006711,
"USA","CPI","TOT","AGRWTH","M","1962-03",1.006711,
"USA","CPI","TOT","AGRWTH","M","1962-04",1.342282,
"USA","CPI","TOT","AGRWTH","M","1962-05",1.342282,
"USA","CPI","TOT","AGRWTH","M","1962-06",1.342282,
"USA","CPI","TOT","AGRWTH","M","1962-07",1,
"USA","CPI","TOT","AGRWTH","M","1962-08",1.337793,
"USA","CPI","TOT","AGRWTH","M","1962-09",1.333333,
"USA","CPI","TOT","AGRWTH","M","1962-10",1.333333,
"USA","CPI","TOT","AGRWTH","M","1962-11",1.333333,
"USA","CPI","TOT","AGRWTH","M","1962-12",1.333333,
"USA","CPI","TOT","AGRWTH","M","1963-01",1.333333,
"USA","CPI","TOT","AGRWTH","M","1963-02",0.9966778,
"USA","CPI","TOT","AGRWTH","M","1963-03",1.328904,
"USA","CPI","TOT","AGRWTH","M","1963-04",0.9933775,
"USA","CPI","TOT","AGRWTH","M","1963-05",0.9933775,
"USA","CPI","TOT","AGRWTH","M","1963-06",1.324503,
"USA","CPI","TOT","AGRWTH","M","1963-07",1.320132,
"USA","CPI","TOT","AGRWTH","M","1963-08",1.320132,
"USA","CPI","TOT","AGRWTH","M","1963-09",0.9868421,
"USA","CPI","TOT","AGRWTH","M","1963-10",1.315789,
"USA","CPI","TOT","AGRWTH","M","1963-11",1.315789,
"USA","CPI","TOT","AGRWTH","M","1963-12",1.644737,
"USA","CPI","TOT","AGRWTH","M","1964-01",1.644737,
"USA","CPI","TOT","AGRWTH","M","1964-02",1.644737,
"USA","CPI","TOT","AGRWTH","M","1964-03",1.311475,
"USA","CPI","TOT","AGRWTH","M","1964-04",1.311475,
"USA","CPI","TOT","AGRWTH","M","1964-05",1.311475,
"USA","CPI","TOT","AGRWTH","M","1964-06",1.30719,
"USA","CPI","TOT","AGRWTH","M","1964-07",1.302932,
"USA","CPI","TOT","AGRWTH","M","1964-08",0.9771987,
"USA","CPI","TOT","AGRWTH","M","1964-09",1.302932,
"USA","CPI","TOT","AGRWTH","M","1964-10",0.974026,
"USA","CPI","TOT","AGRWTH","M","1964-11",1.298701,
"USA","CPI","TOT","AGRWTH","M","1964-12",0.9708738,
"USA","CPI","TOT","AGRWTH","M","1965-01",0.9708738,
"USA","CPI","TOT","AGRWTH","M","1965-02",0.9708738,
"USA","CPI","TOT","AGRWTH","M","1965-03",1.294498,
"USA","CPI","TOT","AGRWTH","M","1965-04",1.618123,
"USA","CPI","TOT","AGRWTH","M","1965-05",1.618123,
"USA","CPI","TOT","AGRWTH","M","1965-06",1.935484,
"USA","CPI","TOT","AGRWTH","M","1965-07",1.607717,
"USA","CPI","TOT","AGRWTH","M","1965-08",1.935484,
"USA","CPI","TOT","AGRWTH","M","1965-09",1.607717,
"USA","CPI","TOT","AGRWTH","M","1965-10",1.92926,
"USA","CPI","TOT","AGRWTH","M","1965-11",1.602564,
"USA","CPI","TOT","AGRWTH","M","1965-12",1.923077,
"USA","CPI","TOT","AGRWTH","M","1966-01",1.923077,
"USA","CPI","TOT","AGRWTH","M","1966-02",2.564103,
"USA","CPI","TOT","AGRWTH","M","1966-03",2.555911,
"USA","CPI","TOT","AGRWTH","M","1966-04",2.866242,
"USA","CPI","TOT","AGRWTH","M","1966-05",2.866242,
"USA","CPI","TOT","AGRWTH","M","1966-06",2.531646,
"USA","CPI","TOT","AGRWTH","M","1966-07",2.848101,
"USA","CPI","TOT","AGRWTH","M","1966-08",3.481013,
"USA","CPI","TOT","AGRWTH","M","1966-09",3.481013,
"USA","CPI","TOT","AGRWTH","M","1966-10",3.785489,
"USA","CPI","TOT","AGRWTH","M","1966-11",3.785489,
"USA","CPI","TOT","AGRWTH","M","1966-12",3.45912,
"USA","CPI","TOT","AGRWTH","M","1967-01",3.45912,
"USA","CPI","TOT","AGRWTH","M","1967-02",2.8125,
"USA","CPI","TOT","AGRWTH","M","1967-03",2.803738,
"USA","CPI","TOT","AGRWTH","M","1967-04",2.47678,
"USA","CPI","TOT","AGRWTH","M","1967-05",2.786378,
"USA","CPI","TOT","AGRWTH","M","1967-06",2.777778,
"USA","CPI","TOT","AGRWTH","M","1967-07",2.769231,
"USA","CPI","TOT","AGRWTH","M","1967-08",2.446483,
"USA","CPI","TOT","AGRWTH","M","1967-09",2.752294,
"USA","CPI","TOT","AGRWTH","M","1967-10",2.431611,
"USA","CPI","TOT","AGRWTH","M","1967-11",2.735562,
"USA","CPI","TOT","AGRWTH","M","1967-12",3.039514,
"USA","CPI","TOT","AGRWTH","M","1968-01",3.647416,
"USA","CPI","TOT","AGRWTH","M","1968-02",3.951368,
"USA","CPI","TOT","AGRWTH","M","1968-03",3.939394,
"USA","CPI","TOT","AGRWTH","M","1968-04",3.927492,
"USA","CPI","TOT","AGRWTH","M","1968-05",3.915663,
"USA","CPI","TOT","AGRWTH","M","1968-06",4.204204,
"USA","CPI","TOT","AGRWTH","M","1968-07",4.491018,
"USA","CPI","TOT","AGRWTH","M","1968-08",4.477612,
"USA","CPI","TOT","AGRWTH","M","1968-09",4.464286,
"USA","CPI","TOT","AGRWTH","M","1968-10",4.747775,
"USA","CPI","TOT","AGRWTH","M","1968-11",4.733728,
"USA","CPI","TOT","AGRWTH","M","1968-12",4.719764,
"USA","CPI","TOT","AGRWTH","M","1969-01",4.398827,
"USA","CPI","TOT","AGRWTH","M","1969-02",4.678362,
"USA","CPI","TOT","AGRWTH","M","1969-03",5.247813,
"USA","CPI","TOT","AGRWTH","M","1969-04",5.523256,
"USA","CPI","TOT","AGRWTH","M","1969-05",5.507246,
"USA","CPI","TOT","AGRWTH","M","1969-06",5.475504,
"USA","CPI","TOT","AGRWTH","M","1969-07",5.444126,
"USA","CPI","TOT","AGRWTH","M","1969-08",5.714286,
"USA","CPI","TOT","AGRWTH","M","1969-09",5.698006,
"USA","CPI","TOT","AGRWTH","M","1969-10",5.665722,
"USA","CPI","TOT","AGRWTH","M","1969-11",5.932203,
"USA","CPI","TOT","AGRWTH","M","1969-12",6.197183,
"USA","CPI","TOT","AGRWTH","M","1970-01",6.179775,
"USA","CPI","TOT","AGRWTH","M","1970-02",6.145251,
"USA","CPI","TOT","AGRWTH","M","1970-03",5.817174,
"USA","CPI","TOT","AGRWTH","M","1970-04",6.060606,
"USA","CPI","TOT","AGRWTH","M","1970-05",6.043956,
"USA","CPI","TOT","AGRWTH","M","1970-06",6.010929,
"USA","CPI","TOT","AGRWTH","M","1970-07",5.978261,
"USA","CPI","TOT","AGRWTH","M","1970-08",5.405406,
"USA","CPI","TOT","AGRWTH","M","1970-09",5.660378,
"USA","CPI","TOT","AGRWTH","M","1970-10",5.630027,
"USA","CPI","TOT","AGRWTH","M","1970-11",5.6,
"USA","CPI","TOT","AGRWTH","M","1970-12",5.570292,
"USA","CPI","TOT","AGRWTH","M","1971-01",5.291005,
"USA","CPI","TOT","AGRWTH","M","1971-02",5,
"USA","CPI","TOT","AGRWTH","M","1971-03",4.712042,
"USA","CPI","TOT","AGRWTH","M","1971-04",4.155844,
"USA","CPI","TOT","AGRWTH","M","1971-05",4.404145,
"USA","CPI","TOT","AGRWTH","M","1971-06",4.639175,
"USA","CPI","TOT","AGRWTH","M","1971-07",4.358974,
"USA","CPI","TOT","AGRWTH","M","1971-08",4.615385,
"USA","CPI","TOT","AGRWTH","M","1971-09",4.081633,
"USA","CPI","TOT","AGRWTH","M","1971-10",3.807106,
"USA","CPI","TOT","AGRWTH","M","1971-11",3.282828,
"USA","CPI","TOT","AGRWTH","M","1971-12",3.266332,
"USA","CPI","TOT","AGRWTH","M","1972-01",3.266332,
"USA","CPI","TOT","AGRWTH","M","1972-02",3.508772,
"USA","CPI","TOT","AGRWTH","M","1972-03",3.5,
"USA","CPI","TOT","AGRWTH","M","1972-04",3.491272,
"USA","CPI","TOT","AGRWTH","M","1972-05",3.225806,
"USA","CPI","TOT","AGRWTH","M","1972-06",2.70936,
"USA","CPI","TOT","AGRWTH","M","1972-07",2.948403,
"USA","CPI","TOT","AGRWTH","M","1972-08",2.941176,
"USA","CPI","TOT","AGRWTH","M","1972-09",3.186275,
"USA","CPI","TOT","AGRWTH","M","1972-10",3.422983,
"USA","CPI","TOT","AGRWTH","M","1972-11",3.667482,
"USA","CPI","TOT","AGRWTH","M","1972-12",3.406326,
"USA","CPI","TOT","AGRWTH","M","1973-01",3.649635,
"USA","CPI","TOT","AGRWTH","M","1973-02",3.874092,
"USA","CPI","TOT","AGRWTH","M","1973-03",4.589372,
"USA","CPI","TOT","AGRWTH","M","1973-04",5.060241,
"USA","CPI","TOT","AGRWTH","M","1973-05",5.528846,
"USA","CPI","TOT","AGRWTH","M","1973-06",5.995204,
"USA","CPI","TOT","AGRWTH","M","1973-07",5.727923,
"USA","CPI","TOT","AGRWTH","M","1973-08",7.380952,
"USA","CPI","TOT","AGRWTH","M","1973-09",7.36342,
"USA","CPI","TOT","AGRWTH","M","1973-10",7.801418,
"USA","CPI","TOT","AGRWTH","M","1973-11",8.254717,
"USA","CPI","TOT","AGRWTH","M","1973-12",8.705882,
"USA","CPI","TOT","AGRWTH","M","1974-01",9.389671,
"USA","CPI","TOT","AGRWTH","M","1974-02",10.02331,
"USA","CPI","TOT","AGRWTH","M","1974-03",10.39261,
"USA","CPI","TOT","AGRWTH","M","1974-04",10.09174,
"USA","CPI","TOT","AGRWTH","M","1974-05",10.70615,
"USA","CPI","TOT","AGRWTH","M","1974-06",10.85973,
"USA","CPI","TOT","AGRWTH","M","1974-07",11.51241,
"USA","CPI","TOT","AGRWTH","M","1974-08",10.86475,
"USA","CPI","TOT","AGRWTH","M","1974-09",11.9469,
"USA","CPI","TOT","AGRWTH","M","1974-10",12.0614,
"USA","CPI","TOT","AGRWTH","M","1974-11",12.20044,
"USA","CPI","TOT","AGRWTH","M","1974-12",12.33766,
"USA","CPI","TOT","AGRWTH","M","1975-01",11.80258,
"USA","CPI","TOT","AGRWTH","M","1975-02",11.22881,
"USA","CPI","TOT","AGRWTH","M","1975-03",10.25105,
"USA","CPI","TOT","AGRWTH","M","1975-04",10.20833,
"USA","CPI","TOT","AGRWTH","M","1975-05",9.46502,
"USA","CPI","TOT","AGRWTH","M","1975-06",9.387755,
"USA","CPI","TOT","AGRWTH","M","1975-07",9.716599,
"USA","CPI","TOT","AGRWTH","M","1975-08",8.6,
"USA","CPI","TOT","AGRWTH","M","1975-09",7.905138,
"USA","CPI","TOT","AGRWTH","M","1975-10",7.436399,
"USA","CPI","TOT","AGRWTH","M","1975-11",7.378641,
"USA","CPI","TOT","AGRWTH","M","1975-12",6.936416,
"USA","CPI","TOT","AGRWTH","M","1976-01",6.71785,
"USA","CPI","TOT","AGRWTH","M","1976-02",6.285714,
"USA","CPI","TOT","AGRWTH","M","1976-03",6.072106,
"USA","CPI","TOT","AGRWTH","M","1976-04",6.04915,
"USA","CPI","TOT","AGRWTH","M","1976-05",6.203008,
"USA","CPI","TOT","AGRWTH","M","1976-06",5.970149,
"USA","CPI","TOT","AGRWTH","M","1976-07",5.350554,
"USA","CPI","TOT","AGRWTH","M","1976-08",5.709024,
"USA","CPI","TOT","AGRWTH","M","1976-09",5.494505,
"USA","CPI","TOT","AGRWTH","M","1976-10",5.464481,
"USA","CPI","TOT","AGRWTH","M","1976-11",4.882459,
"USA","CPI","TOT","AGRWTH","M","1976-12",4.864865,
"USA","CPI","TOT","AGRWTH","M","1977-01",5.215827,
"USA","CPI","TOT","AGRWTH","M","1977-02",5.913979,
"USA","CPI","TOT","AGRWTH","M","1977-03",6.440072,
"USA","CPI","TOT","AGRWTH","M","1977-04",6.951872,
"USA","CPI","TOT","AGRWTH","M","1977-05",6.725664,
"USA","CPI","TOT","AGRWTH","M","1977-06",6.866197,
"USA","CPI","TOT","AGRWTH","M","1977-07",6.830122,
"USA","CPI","TOT","AGRWTH","M","1977-08",6.620209,
"USA","CPI","TOT","AGRWTH","M","1977-09",6.597222,
"USA","CPI","TOT","AGRWTH","M","1977-10",6.390328,
"USA","CPI","TOT","AGRWTH","M","1977-11",6.724138,
"USA","CPI","TOT","AGRWTH","M","1977-12",6.701031,
"USA","CPI","TOT","AGRWTH","M","1978-01",6.837607,
"USA","CPI","TOT","AGRWTH","M","1978-02",6.42978,
"USA","CPI","TOT","AGRWTH","M","1978-03",6.554622,
"USA","CPI","TOT","AGRWTH","M","1978-04",6.5,
"USA","CPI","TOT","AGRWTH","M","1978-05",6.965174,
"USA","CPI","TOT","AGRWTH","M","1978-06",7.413509,
"USA","CPI","TOT","AGRWTH","M","1978-07",7.704918,
"USA","CPI","TOT","AGRWTH","M","1978-08",7.843137,
"USA","CPI","TOT","AGRWTH","M","1978-09",8.306189,
"USA","CPI","TOT","AGRWTH","M","1978-10",8.928572,
"USA","CPI","TOT","AGRWTH","M","1978-11",8.885299,
"USA","CPI","TOT","AGRWTH","M","1978-12",9.017714,
"USA","CPI","TOT","AGRWTH","M","1979-01",9.28,
"USA","CPI","TOT","AGRWTH","M","1979-02",9.856915,
"USA","CPI","TOT","AGRWTH","M","1979-03",10.09464,
"USA","CPI","TOT","AGRWTH","M","1979-04",10.48513,
"USA","CPI","TOT","AGRWTH","M","1979-05",10.85271,
"USA","CPI","TOT","AGRWTH","M","1979-06",10.88957,
"USA","CPI","TOT","AGRWTH","M","1979-07",11.26332,
"USA","CPI","TOT","AGRWTH","M","1979-08",11.81818,
"USA","CPI","TOT","AGRWTH","M","1979-09",12.18045,
"USA","CPI","TOT","AGRWTH","M","1979-10",12.07154,
"USA","CPI","TOT","AGRWTH","M","1979-11",12.61128,
"USA","CPI","TOT","AGRWTH","M","1979-12",13.29394,
"USA","CPI","TOT","AGRWTH","M","1980-01",13.90922,
"USA","CPI","TOT","AGRWTH","M","1980-02",14.18234,
"USA","CPI","TOT","AGRWTH","M","1980-03",14.75645,
"USA","CPI","TOT","AGRWTH","M","1980-04",14.73088,
"USA","CPI","TOT","AGRWTH","M","1980-05",14.40559,
"USA","CPI","TOT","AGRWTH","M","1980-06",14.38451,
"USA","CPI","TOT","AGRWTH","M","1980-07",13.1327,
"USA","CPI","TOT","AGRWTH","M","1980-08",12.87263,
"USA","CPI","TOT","AGRWTH","M","1980-09",12.60054,
"USA","CPI","TOT","AGRWTH","M","1980-10",12.76596,
"USA","CPI","TOT","AGRWTH","M","1980-11",12.64822,
"USA","CPI","TOT","AGRWTH","M","1980-12",12.5163,
"USA","CPI","TOT","AGRWTH","M","1981-01",11.82519,
"USA","CPI","TOT","AGRWTH","M","1981-02",11.40684,
"USA","CPI","TOT","AGRWTH","M","1981-03",10.48689,
"USA","CPI","TOT","AGRWTH","M","1981-04",10,
"USA","CPI","TOT","AGRWTH","M","1981-05",9.779951,
"USA","CPI","TOT","AGRWTH","M","1981-06",9.5526,
"USA","CPI","TOT","AGRWTH","M","1981-07",10.76179,
"USA","CPI","TOT","AGRWTH","M","1981-08",10.80432,
"USA","CPI","TOT","AGRWTH","M","1981-09",10.95238,
"USA","CPI","TOT","AGRWTH","M","1981-10",10.14151,
"USA","CPI","TOT","AGRWTH","M","1981-11",9.590643,
"USA","CPI","TOT","AGRWTH","M","1981-12",8.922364,
"USA","CPI","TOT","AGRWTH","M","1982-01",8.390804,
"USA","CPI","TOT","AGRWTH","M","1982-02",7.622298,
"USA","CPI","TOT","AGRWTH","M","1982-03",6.779661,
"USA","CPI","TOT","AGRWTH","M","1982-04",6.50954,
"USA","CPI","TOT","AGRWTH","M","1982-05",6.681514,
"USA","CPI","TOT","AGRWTH","M","1982-06",7.064018,
"USA","CPI","TOT","AGRWTH","M","1982-07",6.441048,
"USA","CPI","TOT","AGRWTH","M","1982-08",5.850488,
"USA","CPI","TOT","AGRWTH","M","1982-09",5.042919,
"USA","CPI","TOT","AGRWTH","M","1982-10",5.139186,
"USA","CPI","TOT","AGRWTH","M","1982-11",4.589114,
"USA","CPI","TOT","AGRWTH","M","1982-12",3.829787,
"USA","CPI","TOT","AGRWTH","M","1983-01",3.711559,
"USA","CPI","TOT","AGRWTH","M","1983-02",3.488372,
"USA","CPI","TOT","AGRWTH","M","1983-03",3.597884,
"USA","CPI","TOT","AGRWTH","M","1983-04",3.898841,
"USA","CPI","TOT","AGRWTH","M","1983-05",3.549061,
"USA","CPI","TOT","AGRWTH","M","1983-06",2.57732,
"USA","CPI","TOT","AGRWTH","M","1983-07",2.461539,
"USA","CPI","TOT","AGRWTH","M","1983-08",2.558854,
"USA","CPI","TOT","AGRWTH","M","1983-09",2.860061,
"USA","CPI","TOT","AGRWTH","M","1983-10",2.851324,
"USA","CPI","TOT","AGRWTH","M","1983-11",3.265306,
"USA","CPI","TOT","AGRWTH","M","1983-12",3.790984,
"USA","CPI","TOT","AGRWTH","M","1984-01",4.192229,
"USA","CPI","TOT","AGRWTH","M","1984-02",4.596527,
"USA","CPI","TOT","AGRWTH","M","1984-03",4.800817,
"USA","CPI","TOT","AGRWTH","M","1984-04",4.563895,
"USA","CPI","TOT","AGRWTH","M","1984-05",4.233871,
"USA","CPI","TOT","AGRWTH","M","1984-06",4.221106,
"USA","CPI","TOT","AGRWTH","M","1984-07",4.204204,
"USA","CPI","TOT","AGRWTH","M","1984-08",4.291417,
"USA","CPI","TOT","AGRWTH","M","1984-09",4.270109,
"USA","CPI","TOT","AGRWTH","M","1984-10",4.257426,
"USA","CPI","TOT","AGRWTH","M","1984-11",4.051383,
"USA","CPI","TOT","AGRWTH","M","1984-12",3.948667,
"USA","CPI","TOT","AGRWTH","M","1985-01",3.532875,
"USA","CPI","TOT","AGRWTH","M","1985-02",3.515625,
"USA","CPI","TOT","AGRWTH","M","1985-03",3.703704,
"USA","CPI","TOT","AGRWTH","M","1985-04",3.685742,
"USA","CPI","TOT","AGRWTH","M","1985-05",3.77176,
"USA","CPI","TOT","AGRWTH","M","1985-06",3.760849,
"USA","CPI","TOT","AGRWTH","M","1985-07",3.554275,
"USA","CPI","TOT","AGRWTH","M","1985-08",3.349282,
"USA","CPI","TOT","AGRWTH","M","1985-09",3.142857,
"USA","CPI","TOT","AGRWTH","M","1985-10",3.22887,
"USA","CPI","TOT","AGRWTH","M","1985-11",3.51377,
"USA","CPI","TOT","AGRWTH","M","1985-12",3.798671,
"USA","CPI","TOT","AGRWTH","M","1986-01",3.886256,
"USA","CPI","TOT","AGRWTH","M","1986-02",3.113208,
"USA","CPI","TOT","AGRWTH","M","1986-03",2.255639,
"USA","CPI","TOT","AGRWTH","M","1986-04",1.590271,
"USA","CPI","TOT","AGRWTH","M","1986-05",1.491146,
"USA","CPI","TOT","AGRWTH","M","1986-06",1.765799,
"USA","CPI","TOT","AGRWTH","M","1986-07",1.576994,
"USA","CPI","TOT","AGRWTH","M","1986-08",1.574074,
"USA","CPI","TOT","AGRWTH","M","1986-09",1.754386,
"USA","CPI","TOT","AGRWTH","M","1986-10",1.471941,
"USA","CPI","TOT","AGRWTH","M","1986-11",1.284404,
"USA","CPI","TOT","AGRWTH","M","1986-12",1.097896,
"USA","CPI","TOT","AGRWTH","M","1987-01",1.459854,
"USA","CPI","TOT","AGRWTH","M","1987-02",2.1043,
"USA","CPI","TOT","AGRWTH","M","1987-03",3.033088,
"USA","CPI","TOT","AGRWTH","M","1987-04",3.775322,
"USA","CPI","TOT","AGRWTH","M","1987-05",3.856749,
"USA","CPI","TOT","AGRWTH","M","1987-06",3.652968,
"USA","CPI","TOT","AGRWTH","M","1987-07",3.926941,
"USA","CPI","TOT","AGRWTH","M","1987-08",4.284412,
"USA","CPI","TOT","AGRWTH","M","1987-09",4.355717,
"USA","CPI","TOT","AGRWTH","M","1987-10",4.533092,
"USA","CPI","TOT","AGRWTH","M","1987-11",4.528986,
"USA","CPI","TOT","AGRWTH","M","1987-12",4.434389,
"USA","CPI","TOT","AGRWTH","M","1988-01",4.046762,
"USA","CPI","TOT","AGRWTH","M","1988-02",3.942652,
"USA","CPI","TOT","AGRWTH","M","1988-03",3.925067,
"USA","CPI","TOT","AGRWTH","M","1988-04",3.90417,
"USA","CPI","TOT","AGRWTH","M","1988-05",3.890363,
"USA","CPI","TOT","AGRWTH","M","1988-06",3.964758,
"USA","CPI","TOT","AGRWTH","M","1988-07",4.130053,
"USA","CPI","TOT","AGRWTH","M","1988-08",4.020979,
"USA","CPI","TOT","AGRWTH","M","1988-09",4.173913,
"USA","CPI","TOT","AGRWTH","M","1988-10",4.249783,
"USA","CPI","TOT","AGRWTH","M","1988-11",4.2461,
"USA","CPI","TOT","AGRWTH","M","1988-12",4.419411,
"USA","CPI","TOT","AGRWTH","M","1989-01",4.667243,
"USA","CPI","TOT","AGRWTH","M","1989-02",4.827586,
"USA","CPI","TOT","AGRWTH","M","1989-03",4.978541,
"USA","CPI","TOT","AGRWTH","M","1989-04",5.123826,
"USA","CPI","TOT","AGRWTH","M","1989-05",5.361702,
"USA","CPI","TOT","AGRWTH","M","1989-06",5.169491,
"USA","CPI","TOT","AGRWTH","M","1989-07",4.978903,
"USA","CPI","TOT","AGRWTH","M","1989-08",4.705883,
"USA","CPI","TOT","AGRWTH","M","1989-09",4.340568,
"USA","CPI","TOT","AGRWTH","M","1989-10",4.492513,
"USA","CPI","TOT","AGRWTH","M","1989-11",4.655029,
"USA","CPI","TOT","AGRWTH","M","1989-12",4.647303,
"USA","CPI","TOT","AGRWTH","M","1990-01",5.202312,
"USA","CPI","TOT","AGRWTH","M","1990-02",5.263158,
"USA","CPI","TOT","AGRWTH","M","1990-03",5.233034,
"USA","CPI","TOT","AGRWTH","M","1990-04",4.711617,
"USA","CPI","TOT","AGRWTH","M","1990-05",4.361874,
"USA","CPI","TOT","AGRWTH","M","1990-06",4.67365,
"USA","CPI","TOT","AGRWTH","M","1990-07",4.823151,
"USA","CPI","TOT","AGRWTH","M","1990-08",5.617978,
"USA","CPI","TOT","AGRWTH","M","1990-09",6.16,
"USA","CPI","TOT","AGRWTH","M","1990-10",6.289809,
"USA","CPI","TOT","AGRWTH","M","1990-11",6.274821,
"USA","CPI","TOT","AGRWTH","M","1990-12",6.106265,
"USA","CPI","TOT","AGRWTH","M","1991-01",5.651491,
"USA","CPI","TOT","AGRWTH","M","1991-02",5.3125,
"USA","CPI","TOT","AGRWTH","M","1991-03",4.895105,
"USA","CPI","TOT","AGRWTH","M","1991-04",4.88751,
"USA","CPI","TOT","AGRWTH","M","1991-05",4.95356,
"USA","CPI","TOT","AGRWTH","M","1991-06",4.69592,
"USA","CPI","TOT","AGRWTH","M","1991-07",4.447853,
"USA","CPI","TOT","AGRWTH","M","1991-08",3.799392,
"USA","CPI","TOT","AGRWTH","M","1991-09",3.391108,
"USA","CPI","TOT","AGRWTH","M","1991-10",2.921348,
"USA","CPI","TOT","AGRWTH","M","1991-11",2.989537,
"USA","CPI","TOT","AGRWTH","M","1991-12",3.064275,
"USA","CPI","TOT","AGRWTH","M","1992-01",2.600297,
"USA","CPI","TOT","AGRWTH","M","1992-02",2.818991,
"USA","CPI","TOT","AGRWTH","M","1992-03",3.185185,
"USA","CPI","TOT","AGRWTH","M","1992-04",3.180473,
"USA","CPI","TOT","AGRWTH","M","1992-05",3.023599,
"USA","CPI","TOT","AGRWTH","M","1992-06",3.088235,
"USA","CPI","TOT","AGRWTH","M","1992-07",3.157122,
"USA","CPI","TOT","AGRWTH","M","1992-08",3.147877,
"USA","CPI","TOT","AGRWTH","M","1992-09",2.988338,
"USA","CPI","TOT","AGRWTH","M","1992-10",3.202329,
"USA","CPI","TOT","AGRWTH","M","1992-11",3.047895,
"USA","CPI","TOT","AGRWTH","M","1992-12",2.900653,
"USA","CPI","TOT","AGRWTH","M","1993-01",3.258508,
"USA","CPI","TOT","AGRWTH","M","1993-02",3.246753,
"USA","CPI","TOT","AGRWTH","M","1993-03",3.086863,
"USA","CPI","TOT","AGRWTH","M","1993-04",3.225806,
"USA","CPI","TOT","AGRWTH","M","1993-05",3.221188,
"USA","CPI","TOT","AGRWTH","M","1993-06",2.99572,
"USA","CPI","TOT","AGRWTH","M","1993-07",2.775801,
"USA","CPI","TOT","AGRWTH","M","1993-08",2.76792,
"USA","CPI","TOT","AGRWTH","M","1993-09",2.689313,
"USA","CPI","TOT","AGRWTH","M","1993-10",2.750353,
"USA","CPI","TOT","AGRWTH","M","1993-11",2.676056,
"USA","CPI","TOT","AGRWTH","M","1993-12",2.748414,
"USA","CPI","TOT","AGRWTH","M","1994-01",2.524544,
"USA","CPI","TOT","AGRWTH","M","1994-02",2.515723,
"USA","CPI","TOT","AGRWTH","M","1994-03",2.506964,
"USA","CPI","TOT","AGRWTH","M","1994-04",2.361111,
"USA","CPI","TOT","AGRWTH","M","1994-05",2.288488,
"USA","CPI","TOT","AGRWTH","M","1994-06",2.493075,
"USA","CPI","TOT","AGRWTH","M","1994-07",2.770083,
"USA","CPI","TOT","AGRWTH","M","1994-08",2.900553,
"USA","CPI","TOT","AGRWTH","M","1994-09",2.963474,
"USA","CPI","TOT","AGRWTH","M","1994-10",2.608099,
"USA","CPI","TOT","AGRWTH","M","1994-11",2.674897,
"USA","CPI","TOT","AGRWTH","M","1994-12",2.674897,
"USA","CPI","TOT","AGRWTH","M","1995-01",2.804378,
"USA","CPI","TOT","AGRWTH","M","1995-02",2.862986,
"USA","CPI","TOT","AGRWTH","M","1995-03",2.853261,
"USA","CPI","TOT","AGRWTH","M","1995-04",3.052917,
"USA","CPI","TOT","AGRWTH","M","1995-05",3.186441,
"USA","CPI","TOT","AGRWTH","M","1995-06",3.04054,
"USA","CPI","TOT","AGRWTH","M","1995-07",2.762803,
"USA","CPI","TOT","AGRWTH","M","1995-08",2.61745,
"USA","CPI","TOT","AGRWTH","M","1995-09",2.543507,
"USA","CPI","TOT","AGRWTH","M","1995-10",2.809365,
"USA","CPI","TOT","AGRWTH","M","1995-11",2.60521,
"USA","CPI","TOT","AGRWTH","M","1995-12",2.53841,
"USA","CPI","TOT","AGRWTH","M","1996-01",2.727878,
"USA","CPI","TOT","AGRWTH","M","1996-02",2.650762,
"USA","CPI","TOT","AGRWTH","M","1996-03",2.840158,
"USA","CPI","TOT","AGRWTH","M","1996-04",2.896642,
"USA","CPI","TOT","AGRWTH","M","1996-05",2.890933,
"USA","CPI","TOT","AGRWTH","M","1996-06",2.754098,
"USA","CPI","TOT","AGRWTH","M","1996-07",2.95082,
"USA","CPI","TOT","AGRWTH","M","1996-08",2.877698,
"USA","CPI","TOT","AGRWTH","M","1996-09",3.002611,
"USA","CPI","TOT","AGRWTH","M","1996-10",2.992843,
"USA","CPI","TOT","AGRWTH","M","1996-11",3.255208,
"USA","CPI","TOT","AGRWTH","M","1996-12",3.322476,
"USA","CPI","TOT","AGRWTH","M","1997-01",3.044041,
"USA","CPI","TOT","AGRWTH","M","1997-02",3.034216,
"USA","CPI","TOT","AGRWTH","M","1997-03",2.761721,
"USA","CPI","TOT","AGRWTH","M","1997-04",2.495202,
"USA","CPI","TOT","AGRWTH","M","1997-05",2.234994,
"USA","CPI","TOT","AGRWTH","M","1997-06",2.297384,
"USA","CPI","TOT","AGRWTH","M","1997-07",2.229299,
"USA","CPI","TOT","AGRWTH","M","1997-08",2.225048,
"USA","CPI","TOT","AGRWTH","M","1997-09",2.154626,
"USA","CPI","TOT","AGRWTH","M","1997-10",2.084649,
"USA","CPI","TOT","AGRWTH","M","1997-11",1.828499,
"USA","CPI","TOT","AGRWTH","M","1997-12",1.702396,
"USA","CPI","TOT","AGRWTH","M","1998-01",1.571339,
"USA","CPI","TOT","AGRWTH","M","1998-02",1.441103,
"USA","CPI","TOT","AGRWTH","M","1998-03",1.375,
"USA","CPI","TOT","AGRWTH","M","1998-04",1.435705,
"USA","CPI","TOT","AGRWTH","M","1998-05",1.686446,
"USA","CPI","TOT","AGRWTH","M","1998-06",1.684342,
"USA","CPI","TOT","AGRWTH","M","1998-07",1.682243,
"USA","CPI","TOT","AGRWTH","M","1998-08",1.616915,
"USA","CPI","TOT","AGRWTH","M","1998-09",1.488834,
"USA","CPI","TOT","AGRWTH","M","1998-10",1.485149,
"USA","CPI","TOT","AGRWTH","M","1998-11",1.547988,
"USA","CPI","TOT","AGRWTH","M","1998-12",1.611903,
"USA","CPI","TOT","AGRWTH","M","1999-01",1.670792,
"USA","CPI","TOT","AGRWTH","M","1999-02",1.60593,
"USA","CPI","TOT","AGRWTH","M","1999-03",1.726264,
"USA","CPI","TOT","AGRWTH","M","1999-04",2.276923,
"USA","CPI","TOT","AGRWTH","M","1999-05",2.088452,
"USA","CPI","TOT","AGRWTH","M","1999-06",1.96319,
"USA","CPI","TOT","AGRWTH","M","1999-07",2.144608,
"USA","CPI","TOT","AGRWTH","M","1999-08",2.264382,
"USA","CPI","TOT","AGRWTH","M","1999-09",2.628362,
"USA","CPI","TOT","AGRWTH","M","1999-10",2.560976,
"USA","CPI","TOT","AGRWTH","M","1999-11",2.621951,
"USA","CPI","TOT","AGRWTH","M","1999-12",2.684564,
"USA","CPI","TOT","AGRWTH","M","2000-01",2.738892,
"USA","CPI","TOT","AGRWTH","M","2000-02",3.221884,
"USA","CPI","TOT","AGRWTH","M","2000-03",3.757576,
"USA","CPI","TOT","AGRWTH","M","2000-04",3.068592,
"USA","CPI","TOT","AGRWTH","M","2000-05",3.188929,
"USA","CPI","TOT","AGRWTH","M","2000-06",3.730445,
"USA","CPI","TOT","AGRWTH","M","2000-07",3.659268,
"USA","CPI","TOT","AGRWTH","M","2000-08",3.411131,
"USA","CPI","TOT","AGRWTH","M","2000-09",3.454437,
"USA","CPI","TOT","AGRWTH","M","2000-10",3.448276,
"USA","CPI","TOT","AGRWTH","M","2000-11",3.446227,
"USA","CPI","TOT","AGRWTH","M","2000-12",3.386809,
"USA","CPI","TOT","AGRWTH","M","2001-01",3.732228,
"USA","CPI","TOT","AGRWTH","M","2001-02",3.533569,
"USA","CPI","TOT","AGRWTH","M","2001-03",2.920561,
"USA","CPI","TOT","AGRWTH","M","2001-04",3.269119,
"USA","CPI","TOT","AGRWTH","M","2001-05",3.61516,
"USA","CPI","TOT","AGRWTH","M","2001-06",3.24826,
"USA","CPI","TOT","AGRWTH","M","2001-07",2.719908,
"USA","CPI","TOT","AGRWTH","M","2001-08",2.719908,
"USA","CPI","TOT","AGRWTH","M","2001-09",2.648244,
"USA","CPI","TOT","AGRWTH","M","2001-10",2.126437,
"USA","CPI","TOT","AGRWTH","M","2001-11",1.895462,
"USA","CPI","TOT","AGRWTH","M","2001-12",1.551724,
"USA","CPI","TOT","AGRWTH","M","2002-01",1.142204,
"USA","CPI","TOT","AGRWTH","M","2002-02",1.137656,
"USA","CPI","TOT","AGRWTH","M","2002-03",1.475596,
"USA","CPI","TOT","AGRWTH","M","2002-04",1.639344,
"USA","CPI","TOT","AGRWTH","M","2002-05",1.181767,
"USA","CPI","TOT","AGRWTH","M","2002-06",1.067416,
"USA","CPI","TOT","AGRWTH","M","2002-07",1.464789,
"USA","CPI","TOT","AGRWTH","M","2002-08",1.802817,
"USA","CPI","TOT","AGRWTH","M","2002-09",1.514302,
"USA","CPI","TOT","AGRWTH","M","2002-10",2.025886,
"USA","CPI","TOT","AGRWTH","M","2002-11",2.198422,
"USA","CPI","TOT","AGRWTH","M","2002-12",2.37691,
"USA","CPI","TOT","AGRWTH","M","2003-01",2.597403,
"USA","CPI","TOT","AGRWTH","M","2003-02",2.980877,
"USA","CPI","TOT","AGRWTH","M","2003-03",3.020134,
"USA","CPI","TOT","AGRWTH","M","2003-04",2.224694,
"USA","CPI","TOT","AGRWTH","M","2003-05",2.057842,
"USA","CPI","TOT","AGRWTH","M","2003-06",2.112285,
"USA","CPI","TOT","AGRWTH","M","2003-07",2.109939,
"USA","CPI","TOT","AGRWTH","M","2003-08",2.158273,
"USA","CPI","TOT","AGRWTH","M","2003-09",2.320442,
"USA","CPI","TOT","AGRWTH","M","2003-10",2.040816,
"USA","CPI","TOT","AGRWTH","M","2003-11",1.76503,
"USA","CPI","TOT","AGRWTH","M","2003-12",1.879491,
"USA","CPI","TOT","AGRWTH","M","2004-01",1.926252,
"USA","CPI","TOT","AGRWTH","M","2004-02",1.693064,
"USA","CPI","TOT","AGRWTH","M","2004-03",1.737242,
"USA","CPI","TOT","AGRWTH","M","2004-04",2.285093,
"USA","CPI","TOT","AGRWTH","M","2004-05",3.051771,
"USA","CPI","TOT","AGRWTH","M","2004-06",3.266195,
"USA","CPI","TOT","AGRWTH","M","2004-07",2.990756,
"USA","CPI","TOT","AGRWTH","M","2004-08",2.654388,
"USA","CPI","TOT","AGRWTH","M","2004-09",2.537797,
"USA","CPI","TOT","AGRWTH","M","2004-10",3.189189,
"USA","CPI","TOT","AGRWTH","M","2004-11",3.523035,
"USA","CPI","TOT","AGRWTH","M","2004-12",3.255562,
"USA","CPI","TOT","AGRWTH","M","2005-01",2.969762,
"USA","CPI","TOT","AGRWTH","M","2005-02",3.007519,
"USA","CPI","TOT","AGRWTH","M","2005-03",3.148346,
"USA","CPI","TOT","AGRWTH","M","2005-04",3.510638,
"USA","CPI","TOT","AGRWTH","M","2005-05",2.80275,
"USA","CPI","TOT","AGRWTH","M","2005-06",2.530311,
"USA","CPI","TOT","AGRWTH","M","2005-07",3.167899,
"USA","CPI","TOT","AGRWTH","M","2005-08",3.641161,
"USA","CPI","TOT","AGRWTH","M","2005-09",4.686677,
"USA","CPI","TOT","AGRWTH","M","2005-10",4.347826,
"USA","CPI","TOT","AGRWTH","M","2005-11",3.455497,
"USA","CPI","TOT","AGRWTH","M","2005-12",3.415659,
"USA","CPI","TOT","AGRWTH","M","2006-01",3.985317,
"USA","CPI","TOT","AGRWTH","M","2006-02",3.597497,
"USA","CPI","TOT","AGRWTH","M","2006-03",3.362649,
"USA","CPI","TOT","AGRWTH","M","2006-04",3.545735,
"USA","CPI","TOT","AGRWTH","M","2006-05",4.166667,
"USA","CPI","TOT","AGRWTH","M","2006-06",4.318766,
"USA","CPI","TOT","AGRWTH","M","2006-07",4.145343,
"USA","CPI","TOT","AGRWTH","M","2006-08",3.818737,
"USA","CPI","TOT","AGRWTH","M","2006-09",2.062374,
"USA","CPI","TOT","AGRWTH","M","2006-10",1.305221,
"USA","CPI","TOT","AGRWTH","M","2006-11",1.973684,
"USA","CPI","TOT","AGRWTH","M","2006-12",2.54065,
"USA","CPI","TOT","AGRWTH","M","2007-01",2.075643,
"USA","CPI","TOT","AGRWTH","M","2007-02",2.415199,
"USA","CPI","TOT","AGRWTH","M","2007-03",2.778779,
"USA","CPI","TOT","AGRWTH","M","2007-04",2.573697,
"USA","CPI","TOT","AGRWTH","M","2007-05",2.690864,
"USA","CPI","TOT","AGRWTH","M","2007-06",2.687038,
"USA","CPI","TOT","AGRWTH","M","2007-07",2.358231,
"USA","CPI","TOT","AGRWTH","M","2007-08",1.970083,
"USA","CPI","TOT","AGRWTH","M","2007-09",2.755052,
"USA","CPI","TOT","AGRWTH","M","2007-10",3.536175,
"USA","CPI","TOT","AGRWTH","M","2007-11",4.306203,
"USA","CPI","TOT","AGRWTH","M","2007-12",4.081269,
"USA","CPI","TOT","AGRWTH","M","2008-01",4.280294,
"USA","CPI","TOT","AGRWTH","M","2008-02",4.026556,
"USA","CPI","TOT","AGRWTH","M","2008-03",3.981456,
"USA","CPI","TOT","AGRWTH","M","2008-04",3.93689,
"USA","CPI","TOT","AGRWTH","M","2008-05",4.175543,
"USA","CPI","TOT","AGRWTH","M","2008-06",5.02179,
"USA","CPI","TOT","AGRWTH","M","2008-07",5.600123,
"USA","CPI","TOT","AGRWTH","M","2008-08",5.371855,
"USA","CPI","TOT","AGRWTH","M","2008-09",4.936927,
"USA","CPI","TOT","AGRWTH","M","2008-10",3.655186,
"USA","CPI","TOT","AGRWTH","M","2008-11",1.069575,
"USA","CPI","TOT","AGRWTH","M","2008-12",0.0914129,
"USA","CPI","TOT","AGRWTH","M","2009-01",0.0298465,
"USA","CPI","TOT","AGRWTH","M","2009-02",0.2361911,
"USA","CPI","TOT","AGRWTH","M","2009-03",-0.3835562,
"USA","CPI","TOT","AGRWTH","M","2009-04",-0.7368857,
"USA","CPI","TOT","AGRWTH","M","2009-05",-1.281436,
"USA","CPI","TOT","AGRWTH","M","2009-06",-1.426776,
"USA","CPI","TOT","AGRWTH","M","2009-07",-2.097161,
"USA","CPI","TOT","AGRWTH","M","2009-08",-1.484349,
"USA","CPI","TOT","AGRWTH","M","2009-09",-1.286206,
"USA","CPI","TOT","AGRWTH","M","2009-10",-0.1828483,
"USA","CPI","TOT","AGRWTH","M","2009-11",1.838296,
"USA","CPI","TOT","AGRWTH","M","2009-12",2.721331,
"USA","CPI","TOT","AGRWTH","M","2010-01",2.625709,
"USA","CPI","TOT","AGRWTH","M","2010-02",2.143332,
"USA","CPI","TOT","AGRWTH","M","2010-03",2.313959,
"USA","CPI","TOT","AGRWTH","M","2010-04",2.236447,
"USA","CPI","TOT","AGRWTH","M","2010-05",2.020986,
"USA","CPI","TOT","AGRWTH","M","2010-06",1.053349,
"USA","CPI","TOT","AGRWTH","M","2010-07",1.235193,
"USA","CPI","TOT","AGRWTH","M","2010-08",1.148105,
"USA","CPI","TOT","AGRWTH","M","2010-09",1.143683,
"USA","CPI","TOT","AGRWTH","M","2010-10",1.172188,
"USA","CPI","TOT","AGRWTH","M","2010-11",1.143161,
"USA","CPI","TOT","AGRWTH","M","2010-12",1.495723,
"USA","CPI","TOT","AGRWTH","M","2011-01",1.631847,
"USA","CPI","TOT","AGRWTH","M","2011-02",2.107585,
"USA","CPI","TOT","AGRWTH","M","2011-03",2.681603,
"USA","CPI","TOT","AGRWTH","M","2011-04",3.163631,
"USA","CPI","TOT","AGRWTH","M","2011-05",3.568646,
"USA","CPI","TOT","AGRWTH","M","2011-06",3.558828,
"USA","CPI","TOT","AGRWTH","M","2011-07",3.628716,
"USA","CPI","TOT","AGRWTH","M","2011-08",3.771208,
"USA","CPI","TOT","AGRWTH","M","2011-09",3.868357,
"USA","CPI","TOT","AGRWTH","M","2011-10",3.5252,
"USA","CPI","TOT","AGRWTH","M","2011-11",3.394378,
"USA","CPI","TOT","AGRWTH","M","2011-12",2.962419,
"USA","CPI","TOT","AGRWTH","M","2012-01",2.925217,
"USA","CPI","TOT","AGRWTH","M","2012-02",2.871099,
"USA","CPI","TOT","AGRWTH","M","2012-03",2.651398,
"USA","CPI","TOT","AGRWTH","M","2012-04",2.30274,
"USA","CPI","TOT","AGRWTH","M","2012-05",1.704254,
"USA","CPI","TOT","AGRWTH","M","2012-06",1.663994,
"USA","CPI","TOT","AGRWTH","M","2012-07",1.408451,
"USA","CPI","TOT","AGRWTH","M","2012-08",1.692379,
"USA","CPI","TOT","AGRWTH","M","2012-09",1.991282,
"USA","CPI","TOT","AGRWTH","M","2012-10",2.162344,
"USA","CPI","TOT","AGRWTH","M","2012-11",1.764134,
"USA","CPI","TOT","AGRWTH","M","2012-12",1.741022,
"USA","CPI","TOT","AGRWTH","M","2013-01",1.594865,
"USA","CPI","TOT","AGRWTH","M","2013-02",1.977924,
"USA","CPI","TOT","AGRWTH","M","2013-03",1.473896,
"USA","CPI","TOT","AGRWTH","M","2013-04",1.063085,
"USA","CPI","TOT","AGRWTH","M","2013-05",1.361965,
"USA","CPI","TOT","AGRWTH","M","2013-06",1.754417,
"USA","CPI","TOT","AGRWTH","M","2013-07",1.960682,
"USA","CPI","TOT","AGRWTH","M","2013-08",1.518368,
"USA","CPI","TOT","AGRWTH","M","2013-09",1.184925,
"USA","CPI","TOT","AGRWTH","M","2013-10",0.9636127,
"USA","CPI","TOT","AGRWTH","M","2013-11",1.237072,
"USA","CPI","TOT","AGRWTH","M","2013-12",1.501736,
"USA","CPI","TOT","AGRWTH","M","2014-01",1.578947,
"USA","CPI","TOT","AGRWTH","M","2014-02",1.126349,
"USA","CPI","TOT","AGRWTH","M","2014-03",1.512203,
"USA","CPI","TOT","AGRWTH","M","2014-04",1.952858,
"USA","CPI","TOT","AGRWTH","M","2014-05",2.127111,
"USA","CPI","TOT","AGRWTH","M","2014-06",2.072341,
"USA","CPI","TOT","AGRWTH","M","2014-07",1.992329,
"USA","CPI","TOT","AGRWTH","M","2014-08",1.699611,
"USA","CPI","TOT","AGRWTH","M","2014-09",1.657919,
"USA","CPI","TOT","AGRWTH","M","2014-10",1.66434,
"USA","CPI","TOT","AGRWTH","M","2014-11",1.322355,
"USA","CPI","TOT","AGRWTH","M","2014-12",0.7564933,
"USA","CPI","TOT","AGRWTH","M","2015-01",-0.08934832,
"USA","CPI","TOT","AGRWTH","M","2015-02",-0.0251298,
"USA","CPI","TOT","AGRWTH","M","2015-03",-0.07363739,
"USA","CPI","TOT","AGRWTH","M","2015-04",-0.1995174,
"USA","CPI","TOT","AGRWTH","M","2015-05",-0.03993275,
"USA","CPI","TOT","AGRWTH","M","2015-06",0.1237712,
"USA","CPI","TOT","AGRWTH","M","2015-07",0.1695698,
"USA","CPI","TOT","AGRWTH","M","2015-08",0.1950793,
"USA","CPI","TOT","AGRWTH","M","2015-09",-0.03612975,
"USA","CPI","TOT","AGRWTH","M","2015-10",0.1705744,
"USA","CPI","TOT","AGRWTH","M","2015-11",0.5017976,
"USA","CPI","TOT","AGRWTH","M","2015-12",0.7295198,
"USA","CPI","TOT","AGRWTH","M","2016-01",1.373087,
"USA","CPI","TOT","AGRWTH","M","2016-02",1.0178,
"USA","CPI","TOT","AGRWTH","M","2016-03",0.8525362,
"USA","CPI","TOT","AGRWTH","M","2016-04",1.12511,
"USA","CPI","TOT","AGRWTH","M","2016-05",1.019323,
"USA","CPI","TOT","AGRWTH","M","2016-06",0.9973265,
"USA","CPI","TOT","AGRWTH","M","2016-07",0.8271388,
"USA","CPI","TOT","AGRWTH","M","2016-08",1.062875,
"USA","CPI","TOT","AGRWTH","M","2016-09",1.463784,
"USA","CPI","TOT","AGRWTH","M","2016-10",1.635988,
"USA","CPI","TOT","AGRWTH","M","2016-11",1.692537,
"USA","CPI","TOT","AGRWTH","M","2016-12",2.074622,
"USA","CPI","TOT","AGRWTH","M","2017-01",2.500042,
"USA","CPI","TOT","AGRWTH","M","2017-02",2.737958,
"USA","CPI","TOT","AGRWTH","M","2017-03",2.380612,
"USA","CPI","TOT","AGRWTH","M","2017-04",2.19969,
"USA","CPI","TOT","AGRWTH","M","2017-05",1.874878,
"USA","CPI","TOT","AGRWTH","M","2017-06",1.633488,
"USA","CPI","TOT","AGRWTH","M","2017-07",1.727978,
"USA","CPI","TOT","AGRWTH","M","2017-08",1.938974,
"USA","CPI","TOT","AGRWTH","M","2017-09",2.232964,
"USA","CPI","TOT","AGRWTH","M","2017-10",2.041129,
"USA","CPI","TOT","AGRWTH","M","2017-11",2.202583,
"USA","CPI","TOT","AGRWTH","M","2017-12",2.109082,
"USA","CPI","TOT","AGRWTH","M","2018-01",2.070508,
"USA","CPI","TOT","AGRWTH","M","2018-02",2.211795,
"USA","CPI","TOT","AGRWTH","M","2018-03",2.359711,
"USA","CPI","TOT","AGRWTH","M","2018-04",2.462744,
"USA","CPI","TOT","AGRWTH","M","2018-05",2.801012,
"USA","CPI","TOT","AGRWTH","M","2018-06",2.871548,
"USA","CPI","TOT","AGRWTH","M","2018-07",2.949515,
"USA","CPI","TOT","AGRWTH","M","2018-08",2.69918,
"USA","CPI","TOT","AGRWTH","M","2018-09",2.276972,
"USA","CPI","TOT","AGRWTH","M","2018-10",2.52247,
"USA","CPI","TOT","AGRWTH","M","2018-11",2.176601,
"USA","CPI","TOT","AGRWTH","M","2018-12",1.910159,
"USA","CPI","TOT","AGRWTH","M","2019-01",1.551235,
"USA","CPI","TOT","AGRWTH","M","2019-02",1.520135,
"USA","CPI","TOT","AGRWTH","M","2019-03",1.862523,
"USA","CPI","TOT","AGRWTH","M","2019-04",1.99644,
"USA","CPI","TOT","AGRWTH","M","2019-05",1.790228,
"USA","CPI","TOT","AGRWTH","M","2019-06",1.648485,
"USA","CPI","TOT","AGRWTH","M","2019-07",1.811465,
"USA","CPI","TOT","AGRWTH","M","2019-08",1.74978,
"USA","CPI","TOT","AGRWTH","M","2019-09",1.711305,
"USA","CPI","TOT","AGRWTH","M","2019-10",1.764043,
"USA","CPI","TOT","AGRWTH","M","2019-11",2.051278,
"USA","CPI","TOT","AGRWTH","M","2019-12",2.28513,
"USA","CPI","TOT","AGRWTH","M","2020-01",2.486572,
"USA","CPI","TOT","AGRWTH","M","2020-02",2.334874,
"USA","CPI","TOT","AGRWTH","M","2020-03",1.539327,
"USA","CPI","TOT","AGRWTH","M","2020-04",0.3290967,
"USA","CPI","TOT","AGRWTH","M","2020-05",0.1179264,
"USA","CPI","TOT","AGRWTH","M","2020-06",0.6457331,
"USA","CPI","TOT","AGRWTH","M","2020-07",0.9860818,
"USA","CPI","TOT","AGRWTH","M","2020-08",1.309645,
"USA","CPI","TOT","AGRWTH","M","2020-09",1.371325,
"USA","CPI","TOT","AGRWTH","M","2020-10",1.182066,
"USA","CPI","TOT","AGRWTH","M","2020-11",1.174536,
"USA","CPI","TOT","AGRWTH","M","2020-12",1.362005,
"USA","CPI","TOT","AGRWTH","M","2021-01",1.39977,
"USA","CPI","TOT","AGRWTH","M","2021-02",1.676215,
"USA","CPI","TOT","AGRWTH","M","2021-03",2.619762,
"USA","CPI","TOT","AGRWTH","M","2021-04",4.159695,
"USA","CPI","TOT","AGRWTH","M","2021-05",4.992707,
"USA","CPI","TOT","AGRWTH","M","2021-06",5.391451,
"USA","CPI","TOT","AGRWTH","M","2021-07",5.365475,
"USA","CPI","TOT","AGRWTH","M","2021-08",5.251272,
"USA","CPI","TOT","AGRWTH","M","2021-09",5.390349,
"USA","CPI","TOT","AGRWTH","M","2021-10",6.221869,
"USA","CPI","TOT","AGRWTH","M","2021-11",6.809003,
"USA","CPI","TOT","AGRWTH","M","2021-12",7.036403,
"USA","CPI","TOT","AGRWTH","M","2022-01",7.479873,
"USA","CPI","TOT","AGRWTH","M","2022-02",7.871064,
"USA","CPI","TOT","AGRWTH","M","2022-03",8.542456,
"USA","CPI","TOT","AGRWTH","M","2022-04",8.25863,
"USA","CPI","TOT","AGRWTH","M","2022-05",8.581511,
